S.No,TestName,Component,Priority,Team,User,OldTag,NewTag,FilePath
1,test_ALM124442_VerifyEmployeeCanAddWorkruleTransferInTheTimecardViaPayCodeSlider,TK_L4_Timecard_Transfers_Selenium,P1,Quest,Naman,@devCases,@handover2,C:\Users\naman.bhatia\Automation\UI\tk-ui-tests\playwright-tests\tests\tk-timecard\transfers\TK_L4_Timecard_Transfers_Selenium\test_ALM124442_VerifyEmployeeCanAddWorkruleTransferInTheTimecardViaPayCodeSlider.spec.ts
2,test_ALM126767_HourlyTimecard_ViewAndEditAFlankingDayWithDAWFixedRule,TK_Regression_ViewTimecard_FlankingDaysHourly,P1,PathFinders,Nitesh,@devCases,@handover2,C:\Users\naman.bhatia\Automation\UI\tk-ui-tests\playwright-tests\tests\tk-timecard\timecardview\TK_Regression_ViewTimecard_FlankingDaysHourly\test_ALM126767_HourlyTimecard_ViewAndEditAFlankingDayWithDAWFixedRule.spec.ts
3,test_ALM183120_Manager_Can_See_The_Employee_Summary_And_Timecards_Under_The_Time_Section_In_The_Left,TK_L3_Timekeeping_ViewTimecard_Selenium,P1,PathFinders,Vikash,@devCases,@handover2,C:\Users\naman.bhatia\Automation\UI\tk-ui-tests\playwright-tests\tests\tk-timecard\timecardview\TK_L3_Timekeeping_ViewTimecard_Selenium\test_ALM183120_Manager_Can_See_The_Employee_Summary_And_Timecards_Under_The_Time_Section_In_The_Left.spec.ts
4,test_ALM94942_ApproveProjectTimecardWithPreApprovedRangeofDates,TK_L5_Timecard_ApprovalAndSignoff_Selenium,P1,Patriots,Vikash,@devCases,@handover2,C:\Users\naman.bhatia\Automation\UI\tk-ui-tests\playwright-tests\tests\tk-timecard\approvalandsignoff\TK_L5_Timecard_ApprovalAndSignoff_Selenium\test_ALM94942_ApproveProjectTimecardWithPreApprovedRangeofDates.spec.ts
5,test_ALM54871_Employeeremovessignoffontheirtimecard,TK_L4_Timecard_ApprovalAndSignoff_Selenium,P1,Patriots,test1,@devCases,@handover2,C:\Users\naman.bhatia\Automation\UI\tk-ui-tests\playwright-tests\tests\tk-timecard\approvalandsignoff\TK_L4_Timecard_ApprovalAndSignoff_Selenium\test_ALM54871_Employeeremovessignoffontheirtimecard.spec.ts
6,test_ALM87824_Using_approval_and_signoff_in_My_Timecard,TK_L4_Timecard_ApprovalAndSignoff_Selenium,P1,Patriots,test1,@devCases,@handover2,C:\Users\naman.bhatia\Automation\UI\tk-ui-tests\playwright-tests\tests\tk-timecard\approvalandsignoff\TK_L4_Timecard_ApprovalAndSignoff_Selenium\test_ALM87824_Using_approval_and_signoff_in_My_Timecard.spec.ts
7,test_ALM108779_EmployeeUsingApprovalInTheirTimecardAfterAManagerHasApprovedItProjectView,TK_L4_Timecard_ApprovalAndSignoff_Selenium,P1,Patriots,Mohit,@handover1,@handover2,C:\Users\naman.bhatia\Automation\UI\tk-ui-tests\playwright-tests\tests\tk-timecard\approvalandsignoff\TK_L4_Timecard_ApprovalAndSignoff_Selenium\test_ALM108779_EmployeeUsingApprovalInTheirTimecardAfterAManagerHasApprovedItProjectView.spec.ts
8,test_ALM94940_ApprovalUneditableTimecard,TK_L4_Timecard_ApprovalAndSignoff_Selenium,P1,Approvals,Mohit,@handover1,@handover2,C:\Users\naman.bhatia\Automation\UI\tk-ui-tests\playwright-tests\tests\tk-timecard\approvalandsignoff\TK_L4_Timecard_ApprovalAndSignoff_Selenium\test_ALM94940_ApprovalUneditableTimecard.spec.ts
9,test_ALM67360_Verify_manager_can_signoff_a_project_employees_timecard_only_in_prevoius_pay_period,TK_L4_Timecard_ApprovalAndSignoff_Selenium,P1,Patriots,test1,@handover1,@handover2,C:\Users\naman.bhatia\Automation\UI\tk-ui-tests\playwright-tests\tests\tk-timecard\approvalandsignoff\TK_L4_Timecard_ApprovalAndSignoff_Selenium\test_ALM67360_Verify_manager_can_signoff_a_project_employees_timecard_only_in_prevoius_pay_period.spec.ts
10,test_ALM56257_Manager_removes_signoff_from_employees_timecards,TK_L4_Timecard_ApprovalAndSignoff_Selenium,P1,Patriots,test1,@handover1,@handover2,C:\Users\naman.bhatia\Automation\UI\tk-ui-tests\playwright-tests\tests\tk-timecard\approvalandsignoff\TK_L4_Timecard_ApprovalAndSignoff_Selenium\test_ALM56257_Manager_removes_signoff_from_employees_timecards.spec.ts
11,test_ALM94938_ApprovalApproveTimecardRangeOfDates,TK_L5_Timecard_ApprovalAndSignoff_Selenium,P1,Patriots,Vikash,@handover1,@handover2,C:\Users\naman.bhatia\Automation\UI\tk-ui-tests\playwright-tests\tests\tk-timecard\approvalandsignoff\TK_L5_Timecard_ApprovalAndSignoff_Selenium\test_ALM94938_ApprovalApproveTimecardRangeOfDates.spec.ts
12,test_ALM94658_ApprovalApproveProjectTimecardRangeOfDates,TK_L5_Timecard_ApprovalAndSignoff_Selenium,P1,Patriots,Vikash,@handover1,@handover2,C:\Users\naman.bhatia\Automation\UI\tk-ui-tests\playwright-tests\tests\tk-timecard\approvalandsignoff\TK_L5_Timecard_ApprovalAndSignoff_Selenium\test_ALM94658_ApprovalApproveProjectTimecardRangeOfDates.spec.ts
13,test_ALM94372_UCManagerCanAddDayPayCodeAmountsToTheirEmployeesTimecardsUsingDialog,TK_L5_Timecard_Paycodes_Selenium,P1,Tidal,test1,@handover1,@handover2,C:\Users\naman.bhatia\Automation\UI\tk-ui-tests\playwright-tests\tests\tk-timecard\paycodes\TK_L5_Timecard_Paycodes_Selenium\test_ALM94372_UCManagerCanAddDayPayCodeAmountsToTheirEmployeesTimecardsUsingDialog.spec.ts
14,test_ALM105391_EmployeeisNotAllowedToPunchAfterTimecardIsApprovedByEmployee,TK_L5_Timecard_Punch_Selenium,P1,Patriots,test1,@handover1,@handover2,C:\Users\naman.bhatia\Automation\UI\tk-ui-tests\playwright-tests\tests\tk-timecard\punchRow\TK_L5_Timecard_Punch_Selenium\test_ALM105391_EmployeeisNotAllowedToPunchAfterTimecardIsApprovedByEmployee.spec.ts
15,test_ALM108773_ManagerJobPrimaryCCTransferInTimecardWhenEmployeePrimaryJobHasAssociatedCC,TK_L4_Timecard_Transfers_Selenium,P1,Quest,Naman,@handover1,@handover2,C:\Users\naman.bhatia\Automation\UI\tk-ui-tests\playwright-tests\tests\tk-timecard\transfers\TK_L4_Timecard_Transfers_Selenium\test_ALM108773_ManagerJobPrimaryCCTransferInTimecardWhenEmployeePrimaryJobHasAssociatedCC.spec.ts
16,test_ALM108763_VerifyManagerCanAddJobTransferInTheTimecardDurationPaycodeProjectView,TK_L4_Timecard_Transfers_Selenium,P1,Quest,Naman,@handover1,@handover2,C:\Users\naman.bhatia\Automation\UI\tk-ui-tests\playwright-tests\tests\tk-timecard\transfers\TK_L4_Timecard_Transfers_Selenium\test_ALM108763_VerifyManagerCanAddJobTransferInTheTimecardDurationPaycodeProjectView.spec.ts
17,test_ALM96451_Verify_employee_can_update_job_transfer_in_the_timecard,TK_L4_Timecard_Transfers_Selenium,P1,Quest,Naman,@handover1,@handover2,C:\Users\naman.bhatia\Automation\UI\tk-ui-tests\playwright-tests\tests\tk-timecard\transfers\TK_L4_Timecard_Transfers_Selenium\test_ALM96451_Verify_employee_can_update_job_transfer_in_the_timecard.spec.ts
18,test_ALM96142_EmployeeJobWorkRuleScheduledCCTransferInTheTimecardWhenEmployeePrimaryJobHasNoCCHourly,TK_L4_Timecard_Transfers_Selenium,P1,Quest,Naman,@handover1,@handover2,C:\Users\naman.bhatia\Automation\UI\tk-ui-tests\playwright-tests\tests\tk-timecard\transfers\TK_L4_Timecard_Transfers_Selenium\test_ALM96142_EmployeeJobWorkRuleScheduledCCTransferInTheTimecardWhenEmployeePrimaryJobHasNoCCHourly.spec.ts
19,test_ALM108760_108758_109481_108756_VerifyManagerAddUpdateCostCenterTransferOnProjectTimecard,TK_L5_Timecard_Transfers_Selenium,P1,Quest,test1,@handover1,@handover2,C:\Users\naman.bhatia\Automation\UI\tk-ui-tests\playwright-tests\tests\tk-timecard\transfers\TK_L5_Timecard_Transfers_Selenium\test_ALM108760_108758_109481_108756_VerifyManagerAddUpdateCostCenterTransferOnProjectTimecard.spec.ts
20,test_ALM108765_109480_VerifyManagerAddUpdateWorkRuleTransferOnProjectTimecard,TK_L5_Timecard_Transfers_Selenium,P1,Quest,test1,@handover1,@handover2,C:\Users\naman.bhatia\Automation\UI\tk-ui-tests\playwright-tests\tests\tk-timecard\transfers\TK_L5_Timecard_Transfers_Selenium\test_ALM108765_109480_VerifyManagerAddUpdateWorkRuleTransferOnProjectTimecard.spec.ts
21,test_ALM109483_VerifyManagerCanUpdateAJobTransferInTheTimecardProject,TK_L5_Timecard_Transfers_Selenium,P1,Quest,Naman,@devCases,@handover2,C:\Users\naman.bhatia\Automation\UI\tk-ui-tests\playwright-tests\tests\tk-timecard\transfers\TK_L5_Timecard_Transfers_Selenium\test_ALM109483_VerifyManagerCanUpdateAJobTransferInTheTimecardProject.spec.ts
22,test_ALM108772_EmployeeJobDirectCCTransferInTheTimecardWhenEmployeePrimaryJobHasNoCCProjectView,TK_L5_Timecard_Transfers_Selenium,P1,Quest,Naman,@devCases,@handover2,C:\Users\naman.bhatia\Automation\UI\tk-ui-tests\playwright-tests\tests\tk-timecard\transfers\TK_L5_Timecard_Transfers_Selenium\test_ALM108772_EmployeeJobDirectCCTransferInTheTimecardWhenEmployeePrimaryJobHasNoCCProjectView.spec.ts
23,test_ALM96047_VerifyManagerCanUpdateAJobTransferInTheTimecardHourly,TK_L5_Timecard_Transfers_Selenium,P1,Quest,Naman,@handover1,@handover2,C:\Users\naman.bhatia\Automation\UI\tk-ui-tests\playwright-tests\tests\tk-timecard\transfers\TK_L5_Timecard_Transfers_Selenium\test_ALM96047_VerifyManagerCanUpdateAJobTransferInTheTimecardHourly.spec.ts
24,test_TRC8014159_VerifyEmpCappedBreakAmountExceptionInProject,TK_Regression_Exceptions_Break_Selenium,P1,Dyna,Vikash,@devCases,@handover2,C:\Users\naman.bhatia\Automation\UI\tk-ui-tests\playwright-tests\tests\tk-timecard\exceptions\exceptionforpaidbreaks\TK_Regression_Exceptions_Break_Selenium\test_TRC8014159_VerifyEmpCappedBreakAmountExceptionInProject.spec.ts
25,test_TR8014158_VerifyEmpCappedBreakAmountExceptionInHourly,TK_Regression_Exceptions_Break_Selenium,P1,Dyna,Vikash,@devCases,@handover2,C:\Users\naman.bhatia\Automation\UI\tk-ui-tests\playwright-tests\tests\tk-timecard\exceptions\exceptionforpaidbreaks\TK_Regression_Exceptions_Break_Selenium\test_TR8014158_VerifyEmpCappedBreakAmountExceptionInHourly.spec.ts
26,test_TR8014157_VerifyMgrCappedBreakAmountExceptionInProject,TK_Regression_Exceptions_Break_Selenium,P1,Dyna,Vikash,@devCases,@handover2,C:\Users\naman.bhatia\Automation\UI\tk-ui-tests\playwright-tests\tests\tk-timecard\exceptions\exceptionforpaidbreaks\TK_Regression_Exceptions_Break_Selenium\test_TR8014157_VerifyMgrCappedBreakAmountExceptionInProject.spec.ts
27,test_TR8014156_VerifyMgrCappedBreakAmountExceptionInHourly,TK_Regression_Exceptions_Break_Selenium,P1,Dyna,Vikash,@devCases,@handover2,C:\Users\naman.bhatia\Automation\UI\tk-ui-tests\playwright-tests\tests\tk-timecard\exceptions\exceptionforpaidbreaks\TK_Regression_Exceptions_Break_Selenium\test_TR8014156_VerifyMgrCappedBreakAmountExceptionInHourly.spec.ts
28,test_TR7798598_VerifyEmpShowNotEligibleForBreakPremiumInProject,TK_Regression_Exceptions_Break_Selenium,P1,Dyna,Vikash,@devCases,@handover2,C:\Users\naman.bhatia\Automation\UI\tk-ui-tests\playwright-tests\tests\tk-timecard\exceptions\exceptionforpaidbreaks\TK_Regression_Exceptions_Break_Selenium\test_TR7798598_VerifyEmpShowNotEligibleForBreakPremiumInProject.spec.ts
29,test_TR7798597_VerifyEmpShowNotEligibleForBreakPremiumInHourly,TK_Regression_Exceptions_Break_Selenium,P1,Dyna,Vikash,@handover1,@handover2,C:\Users\naman.bhatia\Automation\UI\tk-ui-tests\playwright-tests\tests\tk-timecard\exceptions\exceptionforpaidbreaks\TK_Regression_Exceptions_Break_Selenium\test_TR7798597_VerifyEmpShowNotEligibleForBreakPremiumInHourly.spec.ts
30,test_TR7798596_VerifyMgrShowNotEligibleForBreakPremiumInProject,TK_Regression_Exceptions_Break_Selenium,P1,Dyna,Vikash,@devCases,@handover2,C:\Users\naman.bhatia\Automation\UI\tk-ui-tests\playwright-tests\tests\tk-timecard\exceptions\exceptionforpaidbreaks\TK_Regression_Exceptions_Break_Selenium\test_TR7798596_VerifyMgrShowNotEligibleForBreakPremiumInProject.spec.ts
31,test_TR7798595_VerifyMgrShowNotEligibleForBreakPremiumInHourly,TK_Regression_Exceptions_Break_Selenium,P1,Dyna,Vikash,@devCases,@handover2,C:\Users\naman.bhatia\Automation\UI\tk-ui-tests\playwright-tests\tests\tk-timecard\exceptions\exceptionforpaidbreaks\TK_Regression_Exceptions_Break_Selenium\test_TR7798595_VerifyMgrShowNotEligibleForBreakPremiumInHourly.spec.ts
32,test_ALM113366_Timecard_landing_page_integration,TK_Regression_ListView_ManagerTimecardMedium_Selenium,P1,Patriots,Naman,@devCases,@handover2,C:\Users\naman.bhatia\Automation\UI\tk-ui-tests\playwright-tests\tests\tk-timecard\listview\TK_Regression_ListView_ManagerTimecardMedium_Selenium\test_ALM113366_Timecard_landing_page_integration.spec.ts
33,test_ALM159644_MovedAmountsButtonIsNotDisabledForManagerWithFAPOnEmployeeTimecardWithMoveAmount,TK_Regression_MoveAmount_Selenium_Part1,P1,Patriots,Vikash,@handover1,@handover2,C:\Users\naman.bhatia\Automation\UI\tk-ui-tests\playwright-tests\tests\tk-timekeeping\moveamount\TK_Regression_MoveAmount_Selenium_Part1\test_ALM159644_MovedAmountsButtonIsNotDisabledForManagerWithFAPOnEmployeeTimecardWithMoveAmount.spec.ts
34,test_ALM159643_MovedAmountsButtonIsDisabledForManagerWithFAPOnEmployeeTimecard,TK_Regression_MoveAmount_Selenium_Part1,P1,Patriots,Vikash,@handover1,@handover2,C:\Users\naman.bhatia\Automation\UI\tk-ui-tests\playwright-tests\tests\tk-timekeeping\moveamount\TK_Regression_MoveAmount_Selenium_Part1\test_ALM159643_MovedAmountsButtonIsDisabledForManagerWithFAPOnEmployeeTimecard.spec.ts
35,test_ALM159533_MovedAmountsButtonDisabledForManagerWithFAPOnEmployeeTimecardWithoutMoveAmount,TK_Regression_MoveAmount_Selenium_Part1,P1,Patriots,Vikash,@handover1,@handover2,C:\Users\naman.bhatia\Automation\UI\tk-ui-tests\playwright-tests\tests\tk-timekeeping\moveamount\TK_Regression_MoveAmount_Selenium_Part1\test_ALM159533_MovedAmountsButtonDisabledForManagerWithFAPOnEmployeeTimecardWithoutMoveAmount.spec.ts
36,test_ALM158886_VerifyViewMovedAmountButtonNotDisplayedForEmployeeWithoutFAPOnHisProjectTimecard,TK_Regression_MoveAmount_Selenium_Part1,P1,Patriots,Mohit,@handover1,@handover2,C:\Users\naman.bhatia\Automation\UI\tk-ui-tests\playwright-tests\tests\tk-timekeeping\moveamount\TK_Regression_MoveAmount_Selenium_Part1\test_ALM158886_VerifyViewMovedAmountButtonNotDisplayedForEmployeeWithoutFAPOnHisProjectTimecard.spec.ts
37,test_ALM158882_VerifyViewMovedAmountButtonNotDisplayedForEmployeeWithoutFAPOnHisHourlyTimecard,TK_Regression_MoveAmount_Selenium_Part1,P1,Patriots,Mohit,@handover1,@handover2,C:\Users\naman.bhatia\Automation\UI\tk-ui-tests\playwright-tests\tests\tk-timekeeping\moveamount\TK_Regression_MoveAmount_Selenium_Part1\test_ALM158882_VerifyViewMovedAmountButtonNotDisplayedForEmployeeWithoutFAPOnHisHourlyTimecard.spec.ts
38,test_ALM158823_VerifyViewMoveAmountsButtonDisplayedForProjectEmployeeTimecard,TK_Regression_MoveAmount_Selenium_Part1,P1,Patriots,Mohit,@devCases,@handover2,C:\Users\naman.bhatia\Automation\UI\tk-ui-tests\playwright-tests\tests\tk-timekeeping\moveamount\TK_Regression_MoveAmount_Selenium_Part1\test_ALM158823_VerifyViewMoveAmountsButtonDisplayedForProjectEmployeeTimecard.spec.ts
39,test_ALM158820_VerifyViewMoveAmountsButtonDisplayedForHourlyEmployeeTimecard,TK_Regression_MoveAmount_Selenium_Part1,P1,Patriots,Mohit,@devCases,@handover2,C:\Users\naman.bhatia\Automation\UI\tk-ui-tests\playwright-tests\tests\tk-timekeeping\moveamount\TK_Regression_MoveAmount_Selenium_Part1\test_ALM158820_VerifyViewMoveAmountsButtonDisplayedForHourlyEmployeeTimecard.spec.ts
40,test_ALM158813_VerifyViewMoveAmountsButtonDisplayedForHourlyTimecard,TK_Regression_MoveAmount_Selenium_Part1,P1,Patriots,Mohit,@devCases,@handover2,C:\Users\naman.bhatia\Automation\UI\tk-ui-tests\playwright-tests\tests\tk-timekeeping\moveamount\TK_Regression_MoveAmount_Selenium_Part1\test_ALM158813_VerifyViewMoveAmountsButtonDisplayedForHourlyTimecard.spec.ts
41,test_ALM58872_EmployeeIsNotAbleToViewDurationPayCodeInProjectTimecard,TK_Regression_Paycode_ComplexPayCodes_Selenium_Part1,P1,Quest,Ayushi,@devCases,@handover2,C:\Users\naman.bhatia\Automation\UI\tk-ui-tests\playwright-tests\tests\tk-timecard\timecardview\TK_Regression_Paycode_ComplexPayCodes_Selenium_Part1\test_ALM58872_EmployeeIsNotAbleToViewDurationPayCodeInProjectTimecard.spec.ts
42,test_ALM62835_DisplayTimeVerifyTimecardLoadedTimeProjectView,TK_Regression_ProjectTimecard_Selenium_Part1,P1,Patriots,Naman,@handover1,@handover2,C:\Users\naman.bhatia\Automation\UI\tk-ui-tests\playwright-tests\tests\tk-timekeeping\projecttimecard\TK_Regression_ProjectTimecard_Selenium_Part1\test_ALM62835_DisplayTimeVerifyTimecardLoadedTimeProjectView.spec.ts
43,test_ALM62834_DisplayTimeVerifyTimecardLoadedTimeOnSaveProjectView,TK_Regression_ProjectTimecard_Selenium_Part1,P1,Patriots,Naman,@devCases,@handover2,C:\Users\naman.bhatia\Automation\UI\tk-ui-tests\playwright-tests\tests\tk-timekeeping\projecttimecard\TK_Regression_ProjectTimecard_Selenium_Part1\test_ALM62834_DisplayTimeVerifyTimecardLoadedTimeOnSaveProjectView.spec.ts
44,test_ALM62832_DisplayTimeVerifyTimecardLoadedTimeOnCalcTotalsProjectView,TK_Regression_ProjectTimecard_Selenium_Part1,P1,Patriots,Naman,@handover1,@handover2,C:\Users\naman.bhatia\Automation\UI\tk-ui-tests\playwright-tests\tests\tk-timekeeping\projecttimecard\TK_Regression_ProjectTimecard_Selenium_Part1\test_ALM62832_DisplayTimeVerifyTimecardLoadedTimeOnCalcTotalsProjectView.spec.ts
45,test_TR5581565_AddARowInProjectViewTimecard,TK_Regression_ProjectTimecard_Selenium_Part2,P1,Patriots,Ayushi,@handover1,@handover2,C:\Users\naman.bhatia\Automation\UI\tk-ui-tests\playwright-tests\tests\tk-timekeeping\projecttimecard\TK_Regression_ProjectTimecard_Selenium_Part2\test_TR5581565_AddARowInProjectViewTimecard.spec.ts
46,test_ALM148341_AddARowInHourlyTimecardOnAHolidayWithoutSchedule,TK_Regression_ProjectTimecard_Selenium_Part2,P1,Patriots,Ayushi,@devCases,@handover2,C:\Users\naman.bhatia\Automation\UI\tk-ui-tests\playwright-tests\tests\tk-timekeeping\projecttimecard\TK_Regression_ProjectTimecard_Selenium_Part2\test_ALM148341_AddARowInHourlyTimecardOnAHolidayWithoutSchedule.spec.ts
47,test_ALM62840_ManagerTCDisplayTimeVerifyTimecardLoadedTimeProjectView,TK_Regression_ProjectTimecard_Selenium_Part2,P1,Patriots,Naman,@handover1,@handover2,C:\Users\naman.bhatia\Automation\UI\tk-ui-tests\playwright-tests\tests\tk-timekeeping\projecttimecard\TK_Regression_ProjectTimecard_Selenium_Part2\test_ALM62840_ManagerTCDisplayTimeVerifyTimecardLoadedTimeProjectView.spec.ts
48,test_ALM62839_ManagerTCDisplayTimeVerifyTimecardLoadedTimeOnSave,TK_Regression_ProjectTimecard_Selenium_Part2,P1,Patriots,Rohit,@handover1,@handover2,C:\Users\naman.bhatia\Automation\UI\tk-ui-tests\playwright-tests\tests\tk-timekeeping\projecttimecard\TK_Regression_ProjectTimecard_Selenium_Part2\test_ALM62839_ManagerTCDisplayTimeVerifyTimecardLoadedTimeOnSave.spec.ts
49,test_ALM62833_DisplayTimeVerifyTimecardLoadedTimeOnRefresh,TK_Regression_ProjectTimecard_Selenium_Part2,P1,Patriots,Rohit,@handover1,@handover2,C:\Users\naman.bhatia\Automation\UI\tk-ui-tests\playwright-tests\tests\tk-timekeeping\projecttimecard\TK_Regression_ProjectTimecard_Selenium_Part2\test_ALM62833_DisplayTimeVerifyTimecardLoadedTimeOnRefresh.spec.ts
50,test_ALM56337_ManagerTCDisplayTimeVerifyTimecardLoadedTimeOnRefresh,TK_Regression_ProjectTimecard_Selenium_Part2,P1,Patriots,Rohit,@handover1,@handover2,C:\Users\naman.bhatia\Automation\UI\tk-ui-tests\playwright-tests\tests\tk-timekeeping\projecttimecard\TK_Regression_ProjectTimecard_Selenium_Part2\test_ALM56337_ManagerTCDisplayTimeVerifyTimecardLoadedTimeOnRefresh.spec.ts
51,test_ALM56326_UCVerifyManagerSelectAnEmployeeAndDeleteARowInHourlyTimecard,TK_Regression_ProjectTimecard_Selenium_Part2,P1,Patriots,test1,@handover1,@handover2,C:\Users\naman.bhatia\Automation\UI\tk-ui-tests\playwright-tests\tests\tk-timekeeping\projecttimecard\TK_Regression_ProjectTimecard_Selenium_Part2\test_ALM56326_UCVerifyManagerSelectAnEmployeeAndDeleteARowInHourlyTimecard.spec.ts
52,test_ALM56323_UCVerifyManagerSelectAnEmployeeAndAddARowInHourlyTimecard,TK_Regression_ProjectTimecard_Selenium_Part2,P1,Patriots,test1,@handover1,@handover2,C:\Users\naman.bhatia\Automation\UI\tk-ui-tests\playwright-tests\tests\tk-timekeeping\projecttimecard\TK_Regression_ProjectTimecard_Selenium_Part2\test_ALM56323_UCVerifyManagerSelectAnEmployeeAndAddARowInHourlyTimecard.spec.ts
53,test_ALM55883_DeleteARowInHourlyTimecard,TK_Regression_ProjectTimecard_Selenium_Part2,P1,Patriots,test1,@devCases,@handover2,C:\Users\naman.bhatia\Automation\UI\tk-ui-tests\playwright-tests\tests\tk-timekeeping\projecttimecard\TK_Regression_ProjectTimecard_Selenium_Part2\test_ALM55883_DeleteARowInHourlyTimecard.spec.ts
54,test_ALM167975_HourlyOrProjectViewTimeCardShouldRestrictPunchTile,TK_Regression_Punch_Selenium_Part2,P1,Patriots,Vikash,@devCases,@handover2,C:\Users\naman.bhatia\Automation\UI\tk-ui-tests\playwright-tests\tests\tk-timecard\punchRow\TK_Regression_Punch_Selenium_Part2\test_ALM167975_HourlyOrProjectViewTimeCardShouldRestrictPunchTile.spec.ts
55,test_ALM86932_Adding_Punches_When_Calculate_Totals_In_My_Timecard_FAP_Is_Disabled,TK_Regression_Punch_Selenium_Part2,P1,Patriots,Vikash,@devCases,@handover2,C:\Users\naman.bhatia\Automation\UI\tk-ui-tests\playwright-tests\tests\tk-timecard\punchRow\TK_Regression_Punch_Selenium_Part2\test_ALM86932_Adding_Punches_When_Calculate_Totals_In_My_Timecard_FAP_Is_Disabled.spec.ts
56,test_ALM125204_VerifyEditFutureHourlytimecardMaximumDays,TK_Regression_TimecardConfiguration_Integration_Selenium,P1,Innovance,test1,@devCases,@handover2,C:\Users\naman.bhatia\Automation\UI\tk-ui-tests\playwright-tests\tests\tk-timecard\configuration\TK_Regression_TimecardConfiguration_Integration_Selenium\test_ALM125204_VerifyEditFutureHourlytimecardMaximumDays.spec.ts
57,test_ALM115006_VerifyNoEditsForDaysInFutureInHourlyTimecardGridEnterIncorrectlyPunchesForToday,TK_Regression_TimecardConfiguration_Integration_Selenium,P1,Innovance,test1,@devCases,@handover2,C:\Users\naman.bhatia\Automation\UI\tk-ui-tests\playwright-tests\tests\tk-timecard\configuration\TK_Regression_TimecardConfiguration_Integration_Selenium\test_ALM115006_VerifyNoEditsForDaysInFutureInHourlyTimecardGridEnterIncorrectlyPunchesForToday.spec.ts
58,test_ALM115004_VerifyNoEditsForDaysInDutureInHourlyTimecardGridEnterpunchesForToday,TK_Regression_TimecardConfiguration_Integration_Selenium,P1,Innovance,test1,@devCases,@handover2,C:\Users\naman.bhatia\Automation\UI\tk-ui-tests\playwright-tests\tests\tk-timecard\configuration\TK_Regression_TimecardConfiguration_Integration_Selenium\test_ALM115004_VerifyNoEditsForDaysInDutureInHourlyTimecardGridEnterpunchesForToday.spec.ts
59,test_ALM114952_VerifyNoEditsForDaysInFutureInProjectTimecardGridEnterPayCodeForToday,TK_Regression_TimecardConfiguration_Integration_Selenium,P1,Innovance,test1,@devCases,@handover2,C:\Users\naman.bhatia\Automation\UI\tk-ui-tests\playwright-tests\tests\tk-timecard\configuration\TK_Regression_TimecardConfiguration_Integration_Selenium\test_ALM114952_VerifyNoEditsForDaysInFutureInProjectTimecardGridEnterPayCodeForToday.spec.ts
60,test_ALM234376_VerifyRemoveAllApprovalButtonIsNotVisibleInMyTimecardForEmpAndManager,TK_Regression_Timecard_ApprovalAndSignOff_Selenium,P1,Patriots,test1,@devCases,@handover2,C:\Users\naman.bhatia\Automation\UI\tk-ui-tests\playwright-tests\tests\tk-timecard\approvalandsignoff\TK_Regression_Timecard_ApprovalAndSignOff_Selenium\test_ALM234376_VerifyRemoveAllApprovalButtonIsNotVisibleInMyTimecardForEmpAndManager.spec.ts
61,test_ALM94660_ApprovalApproveTimecardCPPSymbolic,TK_Regression_Timecard_ApprovalAndSignOff_Selenium,P1,Patriots,Nitesh,@handover1,@handover2,C:\Users\naman.bhatia\Automation\UI\tk-ui-tests\playwright-tests\tests\tk-timecard\approvalandsignoff\TK_Regression_Timecard_ApprovalAndSignOff_Selenium\test_ALM94660_ApprovalApproveTimecardCPPSymbolic.spec.ts
62,test_ALM94659_ApprovalApproveProjectTimecardSymbolic,TK_Regression_Timecard_ApprovalAndSignOff_Selenium,P1,Patriots,Nitesh,@handover1,@handover2,C:\Users\naman.bhatia\Automation\UI\tk-ui-tests\playwright-tests\tests\tk-timecard\approvalandsignoff\TK_Regression_Timecard_ApprovalAndSignOff_Selenium\test_ALM94659_ApprovalApproveProjectTimecardSymbolic.spec.ts
63,test_ALM67300_VerifyManagerApprovesProjectEmployeeTimecardAfterTheEmployeeApprovesIt,TK_Regression_Timecard_ApprovalAndSignOff_Selenium,P1,Patriots,Nitesh,@devCases,@handover2,C:\Users\naman.bhatia\Automation\UI\tk-ui-tests\playwright-tests\tests\tk-timecard\approvalandsignoff\TK_Regression_Timecard_ApprovalAndSignOff_Selenium\test_ALM67300_VerifyManagerApprovesProjectEmployeeTimecardAfterTheEmployeeApprovesIt.spec.ts
64,test_ALM59374_Verify_manager_can_not_approve_an_approved_timecard,TK_Regression_Timecard_ApprovalAndSignOff_Selenium,P1,Patriots,Nitesh,@handover1,@handover2,C:\Users\naman.bhatia\Automation\UI\tk-ui-tests\playwright-tests\tests\tk-timecard\approvalandsignoff\TK_Regression_Timecard_ApprovalAndSignOff_Selenium\test_ALM59374_Verify_manager_can_not_approve_an_approved_timecard.spec.ts
65,test_ALM59151_Manager_is_able_to_view_multiple_timecard_grids_after_performing_grid_action,TK_Regression_Timecard_ApprovalAndSignOff_Selenium,P1,Patriots,Nitesh,@devCases,@handover2,C:\Users\naman.bhatia\Automation\UI\tk-ui-tests\playwright-tests\tests\tk-timecard\approvalandsignoff\TK_Regression_Timecard_ApprovalAndSignOff_Selenium\test_ALM59151_Manager_is_able_to_view_multiple_timecard_grids_after_performing_grid_action.spec.ts
66,test_ALM118180_ManagerNotAllowToApprovalInPayrollLockedPeriod,TK_Regression_Timecard_BusinessValidation_Selenium_Part1,P1,PathFinders,test1,@handover1,@handover2,C:\Users\naman.bhatia\Automation\UI\tk-ui-tests\playwright-tests\tests\tk-timecard\businessvalidation\TK_Regression_Timecard_BusinessValidation_Selenium_Part1\test_ALM118180_ManagerNotAllowToApprovalInPayrollLockedPeriod.spec.ts
67,test_ALM108740_EmployeeNotAllowedRemoveApprovalIfTimecardSignedOff,TK_Regression_Timecard_BusinessValidation_Selenium_Part1,P1,PathFinders,test1,@handover1,@handover2,C:\Users\naman.bhatia\Automation\UI\tk-ui-tests\playwright-tests\tests\tk-timecard\businessvalidation\TK_Regression_Timecard_BusinessValidation_Selenium_Part1\test_ALM108740_EmployeeNotAllowedRemoveApprovalIfTimecardSignedOff.spec.ts
68,test_ALM166000_Last3MonthsTimeframeOnEmployeeTimecard,TK_Regression_Timecard_TimeframeSelection,P1,,Rohit,@devCases,@handover2,C:\Users\naman.bhatia\Automation\UI\tk-ui-tests\playwright-tests\tests\tk-timecard\timeframeselection\TK_Regression_Timecard_TimeframeSelection\test_ALM166000_Last3MonthsTimeframeOnEmployeeTimecard.spec.ts
69,test_ALM165999_Last4WeeksTimeframeOnEmployeeTimecard,TK_Regression_Timecard_TimeframeSelection,P1,,Rohit,@devCases,@handover2,C:\Users\naman.bhatia\Automation\UI\tk-ui-tests\playwright-tests\tests\tk-timecard\timeframeselection\TK_Regression_Timecard_TimeframeSelection\test_ALM165999_Last4WeeksTimeframeOnEmployeeTimecard.spec.ts
70,test_ALM165996_Last4QuatersTimeframeOnEmployeeTimecard,TK_Regression_Timecard_TimeframeSelection,P1,,Rohit,@devCases,@handover2,C:\Users\naman.bhatia\Automation\UI\tk-ui-tests\playwright-tests\tests\tk-timecard\timeframeselection\TK_Regression_Timecard_TimeframeSelection\test_ALM165996_Last4QuatersTimeframeOnEmployeeTimecard.spec.ts
71,test_ALM165981_Last3MonthTimeframeOnMyTimecard,TK_Regression_Timecard_TimeframeSelection,P1,,Rohit,@handover1,@handover2,C:\Users\naman.bhatia\Automation\UI\tk-ui-tests\playwright-tests\tests\tk-timecard\timeframeselection\TK_Regression_Timecard_TimeframeSelection\test_ALM165981_Last3MonthTimeframeOnMyTimecard.spec.ts
72,test_ALM165980_Last4WeeksTimeframeOnMyTimecard,TK_Regression_Timecard_TimeframeSelection,P1,,Rohit,@handover1,@handover2,C:\Users\naman.bhatia\Automation\UI\tk-ui-tests\playwright-tests\tests\tk-timecard\timeframeselection\TK_Regression_Timecard_TimeframeSelection\test_ALM165980_Last4WeeksTimeframeOnMyTimecard.spec.ts
73,test_ALM165979_Last4QuatersTimeframeOnMyTimecard,TK_Regression_Timecard_TimeframeSelection,P1,,Rohit,@handover1,@handover2,C:\Users\naman.bhatia\Automation\UI\tk-ui-tests\playwright-tests\tests\tk-timecard\timeframeselection\TK_Regression_Timecard_TimeframeSelection\test_ALM165979_Last4QuatersTimeframeOnMyTimecard.spec.ts
74,test_ALM148217_last7DaysTimeframeOnMyTimecardPage,TK_Regression_Timecard_TimeframeSelection_Selenium,P1,,Rohit,@handover1,@handover2,C:\Users\naman.bhatia\Automation\UI\tk-ui-tests\playwright-tests\tests\tk-timecard\timeframeselection\TK_Regression_Timecard_TimeframeSelection_Selenium\test_ALM148217_last7DaysTimeframeOnMyTimecardPage.spec.ts
75,test_ALM108769_VerifyEmployeeAddsWorkRuleTransferInTheTimecard,TK_Regression_Transfers_Selenium_Part3,P1,Quest,Ayushi,@devCases,@handover2,C:\Users\naman.bhatia\Automation\UI\tk-ui-tests\playwright-tests\tests\tk-timekeeping\transfers\TK_Regression_Transfers_Selenium_Part3\test_ALM108769_VerifyEmployeeAddsWorkRuleTransferInTheTimecard.spec.ts
76,test_ALM96144_EmployeeJobAndSelectCCTransferInTheTimecardWhenEmployeePrimaryJobHasNoCCHourly,TK_Regression_Transfers_Selenium_Part3,P1,Quest,Ayushi,@handover1,@handover2,C:\Users\naman.bhatia\Automation\UI\tk-ui-tests\playwright-tests\tests\tk-timekeeping\transfers\TK_Regression_Transfers_Selenium_Part3\test_ALM96144_EmployeeJobAndSelectCCTransferInTheTimecardWhenEmployeePrimaryJobHasNoCCHourly.spec.ts
77,test_ALM96141_EmployeeJobworkruledirectCCtransferinthetimecardwhenemployeePrimaryjobhasnoCC,TK_Regression_Transfers_Selenium_Part3,P1,Quest,Ayushi,@handover1,@handover2,C:\Users\naman.bhatia\Automation\UI\tk-ui-tests\playwright-tests\tests\tk-timekeeping\transfers\TK_Regression_Transfers_Selenium_Part3\test_ALM96141_EmployeeJobworkruledirectCCtransferinthetimecardwhenemployeePrimaryjobhasnoCC.spec.ts
78,test_ALM109484_Employee_Job_Select_CC_transfer_in_the_timecard_when_employee_Primary_job_has_no_CC_Project,TK_Regression_Transfers_Selenium_Part4,P1,Quest,test1,@handover1,@handover2,C:\Users\naman.bhatia\Automation\UI\tk-ui-tests\playwright-tests\tests\tk-timecard\transfers\TK_Regression_Transfers_Selenium_Part4\test_ALM109484_Employee_Job_Select_CC_transfer_in_the_timecard_when_employee_Primary_job_has_no_CC_Project.spec.ts
79,test_ALM109477_ManagerJobWorkRuleScheduledCCTransferInTheTimecardWhenEmployeePrimaryJobHasNoCCProject,TK_Regression_Transfers_Selenium_Part4,P1,Quest,test1,@handover1,@handover2,C:\Users\naman.bhatia\Automation\UI\tk-ui-tests\playwright-tests\tests\tk-timecard\transfers\TK_Regression_Transfers_Selenium_Part4\test_ALM109477_ManagerJobWorkRuleScheduledCCTransferInTheTimecardWhenEmployeePrimaryJobHasNoCCProject.spec.ts
80,test_ALM108770_ManagerJobAndDirectCCTransferInTheTimecardWhenEmployeePrimaryJobHasAssociatedCC,TK_Regression_Transfers_Selenium_Part4,P1,Quest,test1,@handover1,@handover2,C:\Users\naman.bhatia\Automation\UI\tk-ui-tests\playwright-tests\tests\tk-timecard\transfers\TK_Regression_Transfers_Selenium_Part4\test_ALM108770_ManagerJobAndDirectCCTransferInTheTimecardWhenEmployeePrimaryJobHasAssociatedCC.spec.ts
81,test_ALM87701_VerifyManagerSelectAnEmployeeAndCannotViewTransferIconForScheduledTransferInTheTimecard,TK_Regression_Transfers_Selenium_Part4,P1,Quest,Ayushi,@devCases,@handover2,C:\Users\naman.bhatia\Automation\UI\tk-ui-tests\playwright-tests\tests\tk-timekeeping\transfers\TK_Regression_Transfers_Selenium_Part4\test_ALM87701_VerifyManagerSelectAnEmployeeAndCannotViewTransferIconForScheduledTransferInTheTimecard.spec.ts
82,test_ALM124444_VerifyManagerCanAddBusinessStructureTransferInTheTimecardViaPayCodeSlider,TK_Regression_Transfers_Selenium_Part5,P1,Quest,Ayushi,@handover1,@handover2,C:\Users\naman.bhatia\Automation\UI\tk-ui-tests\playwright-tests\tests\tk-timekeeping\transfers\TK_Regression_Transfers_Selenium_Part5\test_ALM124444_VerifyManagerCanAddBusinessStructureTransferInTheTimecardViaPayCodeSlider.spec.ts
83,test_ALM123356_VerifyEmployeeCanAddBusinessStructureTransferInTheTimecardViaPunchSlider,TK_Regression_Transfers_Selenium_Part5,P1,Quest,Ayushi,@handover1,@handover2,C:\Users\naman.bhatia\Automation\UI\tk-ui-tests\playwright-tests\tests\tk-timekeeping\transfers\TK_Regression_Transfers_Selenium_Part5\test_ALM123356_VerifyEmployeeCanAddBusinessStructureTransferInTheTimecardViaPunchSlider.spec.ts
84,test_ALM123355_VerifyManagerCanAddBusinessStructureTransferInTheTimecardViaPunchSlider,TK_Regression_Transfers_Selenium_Part5,P1,Quest,Ayushi,@handover1,@handover2,C:\Users\naman.bhatia\Automation\UI\tk-ui-tests\playwright-tests\tests\tk-timekeeping\transfers\TK_Regression_Transfers_Selenium_Part5\test_ALM123355_VerifyManagerCanAddBusinessStructureTransferInTheTimecardViaPunchSlider.spec.ts
85,test_ALM115525_ManagerCanAccessJobInTheTimecardBasedOnTheJobTransferSet,TK_Regression_Transfers_Selenium_Part5,P1,Quest,Ayushi,@handover1,@handover2,C:\Users\naman.bhatia\Automation\UI\tk-ui-tests\playwright-tests\tests\tk-timekeeping\transfers\TK_Regression_Transfers_Selenium_Part5\test_ALM115525_ManagerCanAccessJobInTheTimecardBasedOnTheJobTransferSet.spec.ts
86,test_ALM110329_VerifyEmployeeCanUpdateJobTransferInTheTimecardHoursWorkedProject,TK_Regression_Transfers_Selenium_Part5,P1,Quest,Ayushi,@handover1,@handover2,C:\Users\naman.bhatia\Automation\UI\tk-ui-tests\playwright-tests\tests\tk-timekeeping\transfers\TK_Regression_Transfers_Selenium_Part5\test_ALM110329_VerifyEmployeeCanUpdateJobTransferInTheTimecardHoursWorkedProject.spec.ts
87,test_ALM110073_ManagerAsEmployeeHasNoLaborCategoryTransferOptionInTheTimecardWhenPrimaryJobHasNOListAssociated,TK_Regression_Transfers_Selenium_Part5,P1,Quest,Ayushi,@handover1,@handover2,C:\Users\naman.bhatia\Automation\UI\tk-ui-tests\playwright-tests\tests\tk-timekeeping\transfers\TK_Regression_Transfers_Selenium_Part5\test_ALM110073_ManagerAsEmployeeHasNoLaborCategoryTransferOptionInTheTimecardWhenPrimaryJobHasNOListAssociated.spec.ts
88,test_ALM109495_VerifyEmployeeCanAddJobTransferInTheTimecardHoursWorkedProject,TK_Regression_Transfers_Selenium_Part5,P1,Quest,Ayushi,@handover1,@handover2,C:\Users\naman.bhatia\Automation\UI\tk-ui-tests\playwright-tests\tests\tk-timekeeping\transfers\TK_Regression_Transfers_Selenium_Part5\test_ALM109495_VerifyEmployeeCanAddJobTransferInTheTimecardHoursWorkedProject.spec.ts
89,test_ALM109494_VerifyEmployeeCanAddJobTransferInTheTimecardHoursWorkedHourly,TK_Regression_Transfers_Selenium_Part5,P1,Quest,Ayushi,@handover1,@handover2,C:\Users\naman.bhatia\Automation\UI\tk-ui-tests\playwright-tests\tests\tk-timekeeping\transfers\TK_Regression_Transfers_Selenium_Part5\test_ALM109494_VerifyEmployeeCanAddJobTransferInTheTimecardHoursWorkedHourly.spec.ts
90,test_ALM109493_Verify_employee_can_add_job_transfer_in_the_timecard_Project,TK_Regression_Transfers_Selenium_Part5,P1,Quest,Ayushi,@handover1,@handover2,C:\Users\naman.bhatia\Automation\UI\tk-ui-tests\playwright-tests\tests\tk-timekeeping\transfers\TK_Regression_Transfers_Selenium_Part5\test_ALM109493_Verify_employee_can_add_job_transfer_in_the_timecard_Project.spec.ts
91,test_ALM109485_Manager_Job_work_rule_direct_CC_transfer_in_the_timecard_when_employee_Primary_job_has_associated_CC_Project,TK_Regression_Transfers_Selenium_Part5,P1,Quest,Ayushi,@handover1,@handover2,C:\Users\naman.bhatia\Automation\UI\tk-ui-tests\playwright-tests\tests\tk-timekeeping\transfers\TK_Regression_Transfers_Selenium_Part5\test_ALM109485_Manager_Job_work_rule_direct_CC_transfer_in_the_timecard_when_employee_Primary_job_has_associated_CC_Project.spec.ts
92,test_ALM109478_Manager_Job_Direct_CC_transfer_in_the_timecard_when_employee_Primary_job_has_no_CC_Project,TK_Regression_Transfers_Selenium_Part5,P1,Quest,Ayushi,@handover1,@handover2,C:\Users\naman.bhatia\Automation\UI\tk-ui-tests\playwright-tests\tests\tk-timekeeping\transfers\TK_Regression_Transfers_Selenium_Part5\test_ALM109478_Manager_Job_Direct_CC_transfer_in_the_timecard_when_employee_Primary_job_has_no_CC_Project.spec.ts
93,test_ALM108764_VerifyManagerCanAddJobTransferInTheTimecardHoursWorkedPaycodeHourly,TK_Regression_Transfers_Selenium_Part5,P1,Quest,Ayushi,@handover1,@handover2,C:\Users\naman.bhatia\Automation\UI\tk-ui-tests\playwright-tests\tests\tk-timekeeping\transfers\TK_Regression_Transfers_Selenium_Part5\test_ALM108764_VerifyManagerCanAddJobTransferInTheTimecardHoursWorkedPaycodeHourly.spec.ts
94,test_ALM108762_Verify_Manager_can_add_Job_transfer_in_the_timecard_Paycode_Hourly,TK_Regression_Transfers_Selenium_Part5,P1,Quest,Ayushi,@handover1,@handover2,C:\Users\naman.bhatia\Automation\UI\tk-ui-tests\playwright-tests\tests\tk-timekeeping\transfers\TK_Regression_Transfers_Selenium_Part5\test_ALM108762_Verify_Manager_can_add_Job_transfer_in_the_timecard_Paycode_Hourly.spec.ts
95,test_ALM108761_VerifyManagerCanAddJobTransferInTheTimecardPaycodeProjectView,TK_Regression_Transfers_Selenium_Part5,P1,Quest,Ayushi,@handover1,@handover2,C:\Users\naman.bhatia\Automation\UI\tk-ui-tests\playwright-tests\tests\tk-timekeeping\transfers\TK_Regression_Transfers_Selenium_Part5\test_ALM108761_VerifyManagerCanAddJobTransferInTheTimecardPaycodeProjectView.spec.ts
96,test_ALM96146_EmployeeJobPrimaryCCTransferInTheTimecardWhenEmployeePrimaryJobHasAssociatedCCHourly,TK_Regression_Transfers_Selenium_Part5,P1,Quest,Ayushi,@handover1,@handover2,C:\Users\naman.bhatia\Automation\UI\tk-ui-tests\playwright-tests\tests\tk-timekeeping\transfers\TK_Regression_Transfers_Selenium_Part5\test_ALM96146_EmployeeJobPrimaryCCTransferInTheTimecardWhenEmployeePrimaryJobHasAssociatedCCHourly.spec.ts
97,test_ALM96145_EmployeeJobWorkruleDirectCCTransferInTheTimecardWhenEmployeePrimaryJobHasAssociatedCCHourly,TK_Regression_Transfers_Selenium_Part5,P1,Quest,Ayushi,@handover1,@handover2,C:\Users\naman.bhatia\Automation\UI\tk-ui-tests\playwright-tests\tests\tk-timekeeping\transfers\TK_Regression_Transfers_Selenium_Part5\test_ALM96145_EmployeeJobWorkruleDirectCCTransferInTheTimecardWhenEmployeePrimaryJobHasAssociatedCCHourly.spec.ts
98,test_ALM96051_Verify_employee_can_add_job_transfer_in_the_timecard_Punch_Hourly,TK_Regression_Transfers_Selenium_Part5,P1,Quest,Ayushi,@handover1,@handover2,C:\Users\naman.bhatia\Automation\UI\tk-ui-tests\playwright-tests\tests\tk-timekeeping\transfers\TK_Regression_Transfers_Selenium_Part5\test_ALM96051_Verify_employee_can_add_job_transfer_in_the_timecard_Punch_Hourly.spec.ts
99,test_ALM163398_EmployeeTransferMRUNotEnabled,TK_Regression_Transfers_Selenium_Part6,P1,Quest,Naman,@handover1,@handover2,C:\Users\naman.bhatia\Automation\UI\tk-ui-tests\playwright-tests\tests\tk-timecard\transfers\TK_Regression_Transfers_Selenium_Part6\test_ALM163398_EmployeeTransferMRUNotEnabled.spec.ts
100,test_ALM163396_EmployeeTransferMRUFullyCoincide,TK_Regression_Transfers_Selenium_Part6,P1,Quest,Naman,@handover1,@handover2,C:\Users\naman.bhatia\Automation\UI\tk-ui-tests\playwright-tests\tests\tk-timecard\transfers\TK_Regression_Transfers_Selenium_Part6\test_ALM163396_EmployeeTransferMRUFullyCoincide.spec.ts
101,test_ALM163307_EmployeeSecondTransferMRU,TK_Regression_Transfers_Selenium_Part6,P1,Quest,Naman,@handover1,@handover2,C:\Users\naman.bhatia\Automation\UI\tk-ui-tests\playwright-tests\tests\tk-timecard\transfers\TK_Regression_Transfers_Selenium_Part6\test_ALM163307_EmployeeSecondTransferMRU.spec.ts
102,test_ALM109739_Verify_unsaved_data_warning_for_project_employee_timecard,TK_Regression_ViewTimecard_EnhancedProject_Selenium,P1,PathFinders,Naman,@devCases,@handover2,C:\Users\naman.bhatia\Automation\UI\tk-ui-tests\playwright-tests\tests\tk-timecard\timecardview\TK_Regression_ViewTimecard_EnhancedProject_Selenium\test_ALM109739_Verify_unsaved_data_warning_for_project_employee_timecard.spec.ts
103,test_ALM56311_ManagerTimecardIndicatorSystemGeneratedVerify,TK_Regression_ApprovalAndSignoff_MultipleApprovals_Selenium_Part1,P1,Patriots,Mohit,@devCases,@handover2,C:\Users\naman.bhatia\Automation\UI\tk-ui-tests\playwright-tests\tests\tk-timecard\approvalandsignoff\TK_Regression_ApprovalAndSignoff_MultipleApprovals_Selenium_Part1\test_ALM56311_ManagerTimecardIndicatorSystemGeneratedVerify.playwright.spec.ts
104,test_ALM108784_Employee_removes_signoff_on_their_timecard_ProjectView,TK_L4_Timecard_ApprovalAndSignoff_Selenium,P1,Patriots,Mohit,@devCases,@handover2,C:\Users\naman.bhatia\Automation\UI\tk-ui-tests\playwright-tests\tests\tk-timecard\approvalandsignoff\TK_L4_Timecard_ApprovalAndSignoff_Selenium\test_ALM108784_EmployeeremovessignoffontheirtimecardProjectView.spec.ts
105,test_ALM89062_Lock_payroll_of_multiple_employees_when_their_timecards_are_signedoff,TK_L3_GroupEdits_ApprovalActions_Selenium,P1,Kepler,Vikash,@handover1,@handover2,C:\Users\naman.bhatia\Automation\UI\tk-ui-tests\playwright-tests\tests\tk-groupedits\TK_L3_GroupEdits_ApprovalActions_Selenium\test_ALM89062_Lock_payroll_of_multiple_employees_when_their_timecards_are_signedoff.spec.ts
106,test_ALM125914_ManagerUsesContractDayForHourBasedPayCode,TK_L3_PayCodes_ComplexPayCode_Selenium,P1,Patriots,Ayushi,@handover1,@handover2,C:\Users\naman.bhatia\Automation\UI\tk-ui-tests\playwright-tests\tests\tk-timekeeping\paycodes\TK_L3_PayCodes_ComplexPayCode_Selenium\test_ALM125914_ManagerUsesContractDayForHourBasedPayCode.spec.ts
107,test_ALM146245_ShortFallInternalPaycode_EmployeeTimecard,TK_L3_Timecard_PayCodes_Selenium,P1,Tidal,Naman,@handover1,@handover2,C:\Users\naman.bhatia\Automation\UI\tk-ui-tests\playwright-tests\tests\tk-timekeeping\paycodes\TK_L3_Timecard_PayCodes_Selenium\test_ALM146245_ShortFallInternalPaycode_EmployeeTimecard.spec.ts
108,test_ALM127700_Manager_Enables_Edits_For_Signed_Off_Timecard_Enhanced_Project_View_Employee,TK_L4_Corrections_EnableEdits_Selenium,P1,Dyna,Ayushi,@handover1,@handover2,C:\Users\naman.bhatia\Automation\UI\tk-ui-tests\playwright-tests\tests\tk-enableEdits\TK_L4_Corrections_EnableEdits_Selenium\test_ALM127700_Manager_Enables_Edits_For_Signed_Off_Timecard_Enhanced_Project_View_Employee.spec.ts
109,test_ALM126937_ManagerCanGenerateCorrectionsByEditingHoursWorkedPaycodeAmountForProjectEmployeeInSignedOffPayPeriods,TK_L4_Corrections_Timekeeping_Selenium,P1,Patriots,Naman,@handover1,@handover2,C:\Users\naman.bhatia\Automation\UI\tk-ui-tests\playwright-tests\tests\tk-timekeeping\corrections\TK_L4_Corrections_Timekeeping_Selenium\test_ALM126937_ManagerCanGenerateCorrectionsByEditingHoursWorkedPaycodeAmountForProjectEmployeeInSignedOffPayPeriods.spec.ts
110,test_ALM225537_AuditsTabDisplayCorrectRecordsForTheSignOffAddAndSignOffDelete,TK_L4_Timecard_AuditsAddon_Selenium,P1,Elves,Vikash,@handover1,@handover2,C:\Users\naman.bhatia\Automation\UI\tk-ui-tests\playwright-tests\tests\tk-timecard\audits\TK_L4_Timecard_AuditsAddon_Selenium\test_ALM225537_AuditsTabDisplayCorrectRecordsForTheSignOffAddAndSignOffDelete.spec.ts
111,test_ALM122539_Manager_Attempts_To_Enables_Edits_For_Signed_Off_Timecard_Second_Time,TK_L5_GroupEdits_EnableEdits_Selenium,P1,Kepler,Ayushi,@flaky,@handover2,C:\Users\naman.bhatia\Automation\UI\tk-ui-tests\playwright-tests\tests\tk-groupedits\TK_L5_GroupEdits_EnableEdits_Selenium\test_ALM122539_Manager_Attempts_To_Enables_Edits_For_Signed_Off_Timecard_Second_Time.spec.ts
112,test_ALM119759_AdministratorCreateANewEarnedGrant,TK_L5_Setup_Selenium,P1,Wizards,Vikash,@handover1,@handover2,C:\Users\naman.bhatia\Automation\UI\tk-ui-tests\playwright-tests\tests\tk-setup\TK_L5_Setup_Selenium\test_ALM119759_AdministratorCreateANewEarnedGrant.spec.ts
113,test_ALM119359_Administrator_is_able_to_edit_an_Accrual_Profile,TK_L5_Setup_Selenium,P1,Wizards,Vikash,@handover1,@handover2,C:\Users\naman.bhatia\Automation\UI\tk-ui-tests\playwright-tests\tests\tk-setup\TK_L5_Setup_Selenium\test_ALM119359_Administrator_is_able_to_edit_an_Accrual_Profile.spec.ts
114,test_ALM54844_CTOnTheFlyEnabledAccural,TK_L5_Timecard_Paycodes_Selenium,P1,Tidal,Rohit,@handover1,@handover2,C:\Users\naman.bhatia\Automation\UI\tk-ui-tests\playwright-tests\tests\tk-timekeeping\paycodes\TK_L5_Timecard_Paycodes_Selenium\test_ALM54844_CTOnTheFlyEnabledAccural.spec.ts
115,test_ALM186619_VerifyDecorationTC,TK_Regression_ApprovalAndSignoff_MultipleApprovals_Selenium_Part1,P1,Patriots,Naman,@handover1,@handover2,C:\Users\naman.bhatia\Automation\UI\tk-ui-tests\playwright-tests\tests\tk-timecard\approvalandsignoff\TK_Regression_ApprovalAndSignoff_MultipleApprovals_Selenium_Part1\test_ALM186619_VerifyDecorationTC.spec.ts
116,test_ALM186365_VerifyDecorationPFSAndTotals,TK_Regression_ApprovalAndSignoff_MultipleApprovals_Selenium_Part1,P1,Patriots,Naman,@handover1,@handover2,C:\Users\naman.bhatia\Automation\UI\tk-ui-tests\playwright-tests\tests\tk-timecard\approvalandsignoff\TK_Regression_ApprovalAndSignoff_MultipleApprovals_Selenium_Part1\test_ALM186365_VerifyDecorationPFSAndTotals.spec.ts
117,test_ALM185555_VerifyDecorationFourPunchTCAndTotals,TK_Regression_ApprovalAndSignoff_MultipleApprovals_Selenium_Part1,P1,Patriots,Naman,@handover1,@handover2,C:\Users\naman.bhatia\Automation\UI\tk-ui-tests\playwright-tests\tests\tk-timecard\approvalandsignoff\TK_Regression_ApprovalAndSignoff_MultipleApprovals_Selenium_Part1\test_ALM185555_VerifyDecorationFourPunchTCAndTotals.spec.ts
118,test_ALM256883_VerifyTimecardUnexcusedAbsenceExceptionCommentAuditDisCorrectWhenSchedulingPCEOverrideTheSchedulingShift,TK_Regression_CommentsAndNotes_Selenium_Part3,P1,Patriots,Rohit,@handover1,@handover2,C:\Users\naman.bhatia\Automation\UI\tk-ui-tests\playwright-tests\tests\tk-timecard\commentsnotes\TK_Regression_CommentsAndNotes_Selenium_Part3\test_ALM256883_VerifyTimecardUnexcusedAbsenceExceptionCommentAuditDisCorrectWhenSchedulingPCEOverrideTheSchedulingShift.spec.ts
119,test_ALM122630_Manager_Enables_Edits_For_Signed_Off_Timecard_CancelOutEnableEdits_No_Entrees_In_GroupEdit_Timecard_Not_Editable,TK_Regression_Corrections_EnableEdits_Selenium,P1,Dyna,Ayushi,@handover1,@handover2,C:\Users\naman.bhatia\Automation\UI\tk-ui-tests\playwright-tests\tests\tk-enableEdits\TK_Regression_Corrections_EnableEdits_Selenium\test_ALM122630_Manager_Enables_Edits_For_Signed_Off_Timecard_CancelOutEnableEdits_No_Entrees_In_GroupEdit_Timecard_Not_Editable.spec.ts
120,test_ALM89050_VerifyThatRemoveSignOffActionFailsInCaseTheTimecardIsNotSignOff,TK_Regression_GroupEdits_Selenium_Part1,P1,Kepler,Rohit,@flaky,@handover2,C:\Users\naman.bhatia\Automation\UI\tk-ui-tests\playwright-tests\tests\tk-groupedits\TK_Regression_GroupEdits_Selenium_Part1\test_ALM89050_VerifyThatRemoveSignOffActionFailsInCaseTheTimecardIsNotSignOff.spec.ts
121,test_ALM89047_Verify_that_the_Manager_is_able_Remove_Sign_Off_the_timecard_for_multiple_employees_successfully,TK_Regression_GroupEdits_Selenium_Part1,P1,Kepler,Rohit,@handover1,@handover2,C:\Users\naman.bhatia\Automation\UI\tk-ui-tests\playwright-tests\tests\tk-groupedits\TK_Regression_GroupEdits_Selenium_Part1\test_ALM89047_Verify_that_the_Manager_is_able_Remove_Sign_Off_the_timecard_for_multiple_employees_successfully.spec.ts
122,test_ALM89020_VerifyThatIfAManagerTriesToApproveHisOwnTimecardWhichIsAlreadyApprovedTheActionFails,TK_Regression_GroupEdits_Selenium_Part3,P1,Kepler,Rohit,@flaky,@handover2,C:\Users\naman.bhatia\Automation\UI\tk-ui-tests\playwright-tests\tests\tk-groupedits\TK_Regression_GroupEdits_Selenium_Part3\test_ALM89020_VerifyThatIfAManagerTriesToApproveHisOwnTimecardWhichIsAlreadyApprovedTheActionFails.spec.ts
123,test_ALM89015_VerifyThatApproveTimecardActionFailsInCaseTheTimecardForTheSelectedEmployeesIsSignOff,TK_Regression_GroupEdits_Selenium_Part3,P1,Kepler,Rohit,@flaky,@handover2,C:\Users\naman.bhatia\Automation\UI\tk-ui-tests\playwright-tests\tests\tk-groupedits\TK_Regression_GroupEdits_Selenium_Part3\test_ALM89015_VerifyThatApproveTimecardActionFailsInCaseTheTimecardForTheSelectedEmployeesIsSignOff.spec.ts
124,test_ALM61088_VerifyTheManagerCannotSignOffTheTimecardForMultipleEmployeesForCurrentPayPeriodIfSettingIsFALSE,TK_Regression_GroupEdits_Selenium_Part1,P1,Kepler,Rohit,@flaky,@handover2,C:\Users\naman.bhatia\Automation\UI\tk-ui-tests\playwright-tests\tests\tk-groupedits\TK_Regression_GroupEdits_Selenium_Part1\test_ALM61088_VerifyTheManagerCannotSignOffTheTimecardForMultipleEmployeesForCurrentPayPeriodIfSettingIsFALSE.spec.ts
125,test_ALM116803_Responsive_Timecard_Landing_Page,test_ALM116803_Responsive_Timecard_Landing_Page,P1,Patriots,Nitesh,@flaky,@handover2,C:\Users\naman.bhatia\Automation\UI\tk-ui-tests\playwright-tests\tests\tk-timecard\listview\test_ALM116803_Responsive_Timecard_Landing_Page.spec.ts
126,test_ALM199003_VerifyManagersWorkRuleAccessFromTimecard,TK_Regression_MMR_Timekeeping_Selenium_Part2,P1,Kepler,Ayushi,@handover1,@handover2,C:\Users\naman.bhatia\Automation\UI\tk-ui-tests\playwright-tests\tests\tk-timecard\access\TK_Regression_MMR_Timekeeping_Selenium_Part2\test_ALM199003_VerifyManagersWorkRuleAccessFromTimecard.spec.ts
127,test_ALM251736_VerifyMultipleAssignmentEmployeeMayMoveTransferAmountsBasedOnAssignmentJTS,TK_Regression_MoveAmount_MultiplePositions_Selenium_Part2,P1,Patriots,Ayushi,@flaky,@handover2,C:\Users\naman.bhatia\Automation\UI\tk-ui-tests\playwright-tests\tests\tk-timekeeping\moveamount\TK_Regression_MoveAmount_MultiplePositions_Selenium_Part2\test_ALM251736_VerifyMultipleAssignmentEmployeeMayMoveTransferAmountsBasedOnAssignmentJTS.spec.ts
128,test_ALM163017_userCanMAFromOnePaycodeToAnother,TK_Regression_MoveAmount_Selenium_Part4,P1,Patriots,Ayushi,@handover1,@handover2,C:\Users\naman.bhatia\Automation\UI\tk-ui-tests\playwright-tests\tests\tk-timekeeping\moveamount\TK_Regression_MoveAmount_Selenium_Part4\test_ALM163017_userCanMAFromOnePaycodeToAnother.spec.ts
129,test_ALM228920_MultiplePositions_HourlyProjectManager_ApplyTotalAddonSettingsInTimecard,TK_Regression_MultiplePositions_AddOns_Selenium,P1,Kepler,Ayushi,@flaky,@handover2,C:\Users\naman.bhatia\Automation\UI\tk-ui-tests\playwright-tests\tests\tk-timecard\multipositions\TK_Regression_MultiplePositions_AddOns_Selenium\test_ALM228920_MultiplePositions_HourlyProjectManager_ApplyTotalAddonSettingsInTimecard.spec.ts
130,test_ALM149597_verifyCommentsNotes_ApprovePending,TK_Regression_Overtime_Approval_Selenium_Part1,P1,Dyna,Rohit,@flaky,@handover2,C:\Users\naman.bhatia\Automation\UI\tk-ui-tests\playwright-tests\tests\tk-timekeeping\overtimeapproval\TK_Regression_Overtime_Approval_Selenium_Part1\test_ALM149597_verifyCommentsNotes_ApprovePending.spec.ts
131,test_ALM139430_VerifyTotalsColumnsAreEmptyForAPayCodeThatWasConfiguredNotToShowUpThere,TK_Regression_PayCodes_Selenium_Part1,P1,Tidal,Rohit,@flaky,@handover2,C:\Users\naman.bhatia\Automation\UI\tk-ui-tests\playwright-tests\tests\tk-timekeeping\paycodes\TK_Regression_PayCodes_Selenium_Part1\test_ALM139430_VerifyTotalsColumnsAreEmptyForAPayCodeThatWasConfiguredNotToShowUpThere.spec.ts
132,test_ALM128283_TimecardApprovalFapImpossibilityToEditLeaveEditsInApprovalTimecard,TK_Regression_PayCodes_Selenium_Part1,P1,Tidal,Rohit,@handover1,@handover2,C:\Users\naman.bhatia\Automation\UI\tk-ui-tests\playwright-tests\tests\tk-timekeeping\paycodes\TK_Regression_PayCodes_Selenium_Part1\test_ALM128283_TimecardApprovalFapImpossibilityToEditLeaveEditsInApprovalTimecard.spec.ts
133,test_ALM23979_VerifyAManagerCannotUseContractSymbolicAmountsWhenTheFAPIsSetToDisallowed,TK_Regression_PayCodes_Selenium_Part2,P1,Tidal,Rohit,@handover1,@handover2,C:\Users\naman.bhatia\Automation\UI\tk-ui-tests\playwright-tests\tests\tk-timekeeping\paycodes\TK_Regression_PayCodes_Selenium_Part2\test_ALM23979_VerifyAManagerCannotUseContractSymbolicAmountsWhenTheFAPIsSetToDisallowed.spec.ts
134,test_ALM133055_ManagerCanUpdateProjectPaycodeWhenSamePaycodeExistsAsARegularAndSymbolicRowBeforeSaving,TK_Regression_PayCodes_Selenium_Part3,P1,Tidal,Naman,@handover1,@handover2,C:\Users\naman.bhatia\Automation\UI\tk-ui-tests\playwright-tests\tests\tk-timekeeping\paycodes\TK_Regression_PayCodes_Selenium_Part3\test_ALM133055_ManagerCanUpdateProjectPaycodeWhenSamePaycodeExistsAsARegularAndSymbolicRowBeforeSaving.spec.ts
135,test_ALM133054_ManagerCanAddAProjectWithAPaycodeThatAlreadyExistsInTheGridBeforeSaving,TK_Regression_PayCodes_Selenium_Part3,P1,Tidal,Naman,@flaky,@handover2,C:\Users\naman.bhatia\Automation\UI\tk-ui-tests\playwright-tests\tests\tk-timekeeping\paycodes\TK_Regression_PayCodes_Selenium_Part3\test_ALM133054_ManagerCanAddAProjectWithAPaycodeThatAlreadyExistsInTheGridBeforeSaving.spec.ts
136,test_ALM108782_ManagerAddPaycodesWhenCalculateTotalsInTimecardEditorIsDisallowedForProjectView,TK_Regression_ProjectTimecard_Selenium_Part2,P1,Patriots,Naman,@handover1,@handover2,C:\Users\naman.bhatia\Automation\UI\tk-ui-tests\playwright-tests\tests\tk-timekeeping\projecttimecard\TK_Regression_ProjectTimecard_Selenium_Part2\test_ALM108782_ManagerAddPaycodesWhenCalculateTotalsInTimecardEditorIsDisallowedForProjectView.spec.ts
137,test_ALM60851_TimecardVerifyTCViewHourlyProject,TK_Regression_ProjectTimecard_Selenium_Part2,P1,Patriots,Rohit,@handover1,@handover2,C:\Users\naman.bhatia\Automation\UI\tk-ui-tests\playwright-tests\tests\tk-timekeeping\projecttimecard\TK_Regression_ProjectTimecard_Selenium_Part2\test_ALM60851_TimecardVerifyTCViewHourlyProject.spec.ts
138,test_ALM110868_VerifySpanAttributesDataPCSpanAmountDoesNotEqualToPCTotalsAmount,TK_Regression_RulesAnalysisTool_Selenium,P1,Kepler,Naman,@handover1,@handover2,C:\Users\naman.bhatia\Automation\UI\tk-ui-tests\playwright-tests\tests\tk-timecard\ruleanalysisreport\TK_Regression_RulesAnalysisTool_Selenium\test_ALM110868_VerifySpanAttributesDataPCSpanAmountDoesNotEqualToPCTotalsAmounts.spec.ts
139,test_ALM109975_VerifyWISegmentDataReturned,TK_Regression_RulesAnalysisTool_Selenium,P1,Kepler,Naman,@flaky,@handover2,C:\Users\naman.bhatia\Automation\UI\tk-ui-tests\playwright-tests\tests\tk-timecard\ruleanalysisreport\TK_Regression_RulesAnalysisTool_Selenium\test_ALM109975_VerifyWISegmentDataReturned.spec.ts
140,test_ALM119724_Date_Patterns_UICheck,TK_Regression_Setup_Selenium_Part2,P1,Wizards,Naman,@flaky,@handover2,C:\Users\naman.bhatia\Automation\UI\tk-ui-tests\playwright-tests\tests\tk-setup\TK_Regression_Setup_Selenium_Part2\test_ALM119724_Date_Patterns_UI_Check.spec.ts
141,test_ALM119524_Administrator_can_refresh_AccrualProfilesEditor_page_to_discard_changes,TK_L5_Setup_Selenium,P1,Wizards,Vikash,@handover1,@handover2,C:\Users\naman.bhatia\Automation\UI\tk-ui-tests\playwright-tests\tests\tk-setup\TK_L5_Setup_Selenium\test_ALM119524_Administrator_can_refresh_AccrualProfilesEditor_page_to_discard_changes.spec.ts
142,test_ALM86687_Work_Rules_UI_Sanity_Check,TK_Regression_Setup_Selenium_Part4,P1,Kepler,Nitesh,@flaky,@handover2,C:\Users\naman.bhatia\Automation\UI\tk-ui-tests\playwright-tests\tests\tk-setup\TK_Regression_Setup_Selenium_Part4\test_ALM86687_Work_Rules_UI_Sanity_Check.spec.ts
143,test_ALM87709_ManagerCannotViewPayCodeEditWhenTheFAPDisallowedHourly,TK_Regression_Timecard_BusinessValidation_Selenium_Part3,P1,PathFinders,Rohit,@flaky,@handover2,C:\Users\naman.bhatia\Automation\UI\tk-ui-tests\playwright-tests\tests\tk-timecard\businessvalidation\TK_Regression_Timecard_BusinessValidation_Selenium_Part3\test_ALM87709_ManagerCannotViewPayCodeEditWhenTheFAPDisallowedHourly.spec.ts
144,test_ALM139663_aUserInSlatViewWithOnlySAFAPCanApproveOvertimeOnEmployeeTimecardButNotMyTimecard,TK_Regression_Timecard_Overtime_Selenium_Part2,P1,Dyna,Ayushi,@handover1,@handover2,C:\Users\naman.bhatia\Automation\UI\tk-ui-tests\playwright-tests\tests\tk-timecard\overtime\TK_Regression_Timecard_Overtime_Selenium_Part2\test_ALM139663_aUserInSlatViewWithOnlySAFAPCanApproveOvertimeOnEmployeeTimecardButNotMyTimecard.spec.ts
145,test_ALM139661_aUserInSlatViewWithOnlyEAFAPCanApproveOvertimeOnMyTimecardButNotEmployeeTimecard,TK_Regression_Timecard_Overtime_Selenium_Part2,P1,Dyna,Ayushi,@handover1,@handover2,C:\Users\naman.bhatia\Automation\UI\tk-ui-tests\playwright-tests\tests\tk-timecard\overtime\TK_Regression_Timecard_Overtime_Selenium_Part2\test_ALM139661_aUserInSlatViewWithOnlyEAFAPCanApproveOvertimeOnMyTimecardButNotEmployeeTimecard.spec.ts
146,test_ALM139609_userCanApproveOTWithCommentsAndNotes,TK_Regression_Timecard_Overtime_Selenium_Part2,P1,Dyna,Ayushi,@handover1,@handover2,C:\Users\naman.bhatia\Automation\UI\tk-ui-tests\playwright-tests\tests\tk-timecard\overtime\TK_Regression_Timecard_Overtime_Selenium_Part2\test_ALM139609_userCanApproveOTWithCommentsAndNotes.spec.ts
147,test_ALM148215_last7DaysTimeframeOnEmployeeTimecardPage,TK_Regression_Timecard_TimeframeSelection_Selenium,P1,Quest,Rohit,@handover1,@handover2,C:\Users\naman.bhatia\Automation\UI\tk-ui-tests\playwright-tests\tests\tk-timecard\timeframeselection\TK_Regression_Timecard_TimeframeSelection_Selenium\test_ALM148215_last7DaysTimeframeOnEmployeeTimecardPage.spec.ts
148,test_ALM186416_Manager_can_see_the_different_timeframe_on_the_Employee_Summary_Page_and_Employee_Timecards_Page_when_Timecard_Menu_Selection_is_Both,TK_Regression_Timecard_TimeframeSelection_Selenium,P1,Quest,Naman,@flaky,@handover2,C:\Users\naman.bhatia\Automation\UI\tk-ui-tests\playwright-tests\tests\tk-timecard\timeframeselection\TK_Regression_Timecard_TimeframeSelection_Selenium\test_ALM186416_Manager_can_see_the_different_timeframe_on_the_Employee_Summary_Page.spec.ts
149,test_ALM186408_Manager_can_see_the_default_timeframe_on_the_Employee_Timecards_Page_when_Timecard_Menu_Selection_is_Timecards,TK_Regression_Timecard_TimeframeSelection_Selenium,P1,Quest,Naman,@flaky,@handover2,C:\Users\naman.bhatia\Automation\UI\tk-ui-tests\playwright-tests\tests\tk-timecard\timeframeselection\TK_Regression_Timecard_TimeframeSelection_Selenium\test_ALM186408_Manager_can_see_the_default_timeframe_on_the_Employee_Timecards_Page.spec.ts
150,test_ALM185611_Manager_can_see_the_different_Timeframe_on_the_Employee_Timecards_Page_when_Timecard_Menu_Selection_is_Timacrds,TK_Regression_Timecard_TimeframeSelection_Selenium,P1,Quest,Naman,@flaky,@handover2,C:\Users\naman.bhatia\Automation\UI\tk-ui-tests\playwright-tests\tests\tk-timecard\timeframeselection\TK_Regression_Timecard_TimeframeSelection_Selenium\test_ALM185611_Manager_can_see_the_different_Timeframe_on_the_Employee_Timecards_Page_when_Timecard_Menu_Selection_is_Timacrds.spec.ts
151,test_ALM185610_Manager_can_see_the_different_Timeframe_on_the_Employee_Summary_Page_and_Detail_Page_when_Timecard_Menu_Selection_is_Employee_Summary,TK_Regression_Timecard_TimeframeSelection_Selenium,P1,Quest,Naman,@flaky,@handover2,C:\Users\naman.bhatia\Automation\UI\tk-ui-tests\playwright-tests\tests\tk-timecard\timeframeselection\TK_Regression_Timecard_TimeframeSelection_Selenium\test_ALM185610_Manager_can_see_the_different_Timeframe_on_the_Employee_Summary_Page_and_Detail_Page_when_Timecard_Menu_Selection_is_Employee_Summary.spec.ts
152,test_ALM111065_EmployeeUpdatesLaborCategoryTransferMadeByManagerWithEntryNotAvailableToEmployee,TK_Regression_Transfer_LCSticky_Selenium,P1,Quest,Nitesh,@handover1,@handover2,C:\Users\naman.bhatia\Automation\UI\tk-ui-tests\playwright-tests\tests\tk-timekeeping\transfers\TK_Regression_Transfer_LCSticky_Selenium\test_ALM111065_EmployeeUpdatesLaborCategoryTransferMadeByManagerWithEntryNotAvailableToEmployee.spec.ts
153,test_ALM96136_Manager_Job_work_rule_direct_CC_transfer_in_the_timecard_when_employee_Primary_job_has_associated_CC_Hourly,TK_Regression_Transfers_Selenium_Part3,P1,Quest,Nitesh,@handover1,@handover2,C:\Users\naman.bhatia\Automation\UI\tk-ui-tests\playwright-tests\tests\tk-timekeeping\transfers\TK_Regression_Transfers_Selenium_Part3\test_ALM96136_Manager_Job_work_rule_direct_CC_transfer_in_the_timecard_when_employee_Primary_job_has_associated_CC_Hourly.spec.ts
154,test_ALM109472_ManagerJobWorkRuleDirectCCTransferInTheTimecardWhenEmployeePrimaryJobHasNoCCProject,TK_Regression_Transfers_Selenium_Part4,P1,Quest,Nitesh,@handover1,@handover2,C:\Users\naman.bhatia\Automation\UI\tk-ui-tests\playwright-tests\tests\tk-timekeeping\transfers\TK_Regression_Transfers_Selenium_Part4\test_ALM109472_ManagerJobWorkRuleDirectCCTransferInTheTimecardWhenEmployeePrimaryJobHasNoCCProject.spec.ts
155,test_ALM170922_VerifyFlankingDayDisplaysCorrectDailyTotalAsPerFixedRuleWithHourlyMgrTimeCard,TK_Regression_ViewTimecard_FlankingDaysHourly,P1,PathFinders,Nitesh,@handover1,@handover2,C:\Users\naman.bhatia\Automation\UI\tk-ui-tests\playwright-tests\tests\tk-timecard\timecardview\TK_Regression_ViewTimecard_FlankingDaysHourly\test_ALM170922_VerifyFlankingDayDisplaysCorrectDailyTotalAsPerFixedRuleWithHourlyMgrTimeCard.spec.ts
156,test_ALM170919_VerifyAbsenceOnFlankingDayandNoDuplicatedRowsGeneratedWithHourlyMgrTimeCard,TK_Regression_ViewTimecard_FlankingDaysHourly,P1,PathFinders,Naman,@handover1,@handover2,C:\Users\naman.bhatia\Automation\UI\tk-ui-tests\playwright-tests\tests\tk-timecard\timecardview\TK_Regression_ViewTimecard_FlankingDaysHourly\test_ALM170919_VerifyAbsenceOnFlankingDayandNoDuplicatedRowsGeneratedWithHourlyMgrTimeCard.spec.ts
157,test_ALM86965_VerifyEditsForFiveDaysInFuture,TK_Regression_TimecardConfiguration_Integration_Selenium,P1,Innovance,test1,@flaky,@handover2,C:\Users\naman.bhatia\Automation\UI\tk-ui-tests\playwright-tests\tests\tk-timecard\configuration\TK_Regression_TimecardConfiguration_Integration_Selenium\test_ALM86965_VerifyEditsForFiveDaysInFuture.spec.ts
158,test_ALM249238_EmployeeCanNotAddTimeWithInactiveAssignmentToMyTimecard,TK_Regression_MultiplePositions_AddOns_Selenium,P1,Kepler,Ayushi,@flaky,@handover2,C:\Users\naman.bhatia\Automation\UI\tk-ui-tests\playwright-tests\tests\tk-timecard\multipositions\TK_Regression_MultiplePositions_AddOns_Selenium\test_ALM249238_EmployeeCanNotAddTimeWithInactiveAssignmentToMyTimecard.spec.ts
159,test_ALM249235_EmployeeCanNotAddTimeWithTerminatedAssignmentToMyTimecard,TK_Regression_MultiplePositions_AddOns_Selenium,P1,Kepler,Ayushi,@flaky,@handover2,C:\Users\naman.bhatia\Automation\UI\tk-ui-tests\playwright-tests\tests\tk-timecard\multipositions\TK_Regression_MultiplePositions_AddOns_Selenium\test_ALM249235_EmployeeCanNotAddTimeWithTerminatedAssignmentToMyTimecard.spec.ts
160,test_ALM153864_VerifyExceptionIconDisplayWhenLogonByManager,TK_Regression_Exceptions_Selenium_Part1,P1,Dyna,Vikash,@flaky,@handover2,C:\Users\naman.bhatia\Automation\UI\tk-ui-tests\playwright-tests\tests\tk-timecard\exceptions\TK_Regression_Exceptions_Selenium_Part1\test_ALM153864_VerifyExceptionIconDisplayWhenLogonByManager.spec.ts
